[
  {
    "FirstName": "A Coruña",
    "SecondName": "A Coruña"
  },
  {
    "FirstName": "Aalborg",
    "SecondName": "Aalborg"
  },
  {
    "FirstName": "Aarhus",
    "SecondName": "Århus"
  },
  {
    "FirstName": "Aberdeen",
    "SecondName": ""
  },
  {
    "FirstName": "Ajaccio",
    "SecondName": "Ajaccio"
  },
  {
    "FirstName": "Albacete",
    "SecondName": "Albacete"
  },
  {
    "FirstName": "Ålesund",
    "SecondName": "Ålesund"
  },
  {
    "FirstName": "Algeciras",
    "SecondName": "Algeciras"
  },
  {
    "FirstName": "Almaraz",
    "SecondName": "Almaraz"
  },
  {
    "FirstName": "Almería",
    "SecondName": "Almería"
  },
  {
    "FirstName": "Alta",
    "SecondName": "Alta"
  },
  {
    "FirstName": "Amsterdam",
    "SecondName": "Amsterdam"
  },
  {
    "FirstName": "Ancona",
    "SecondName": "Ancona"
  },
  {
    "FirstName": "Andenes",
    "SecondName": "Andenes"
  },
  {
    "FirstName": "Argostoli",
    "SecondName": "Argostoli"
  },
  {
    "FirstName": "Arvidsjaur",
    "SecondName": "Arvidsjaur"
  },
  {
    "FirstName": "Athens",
    "SecondName": "Athens"
  },
  {
    "FirstName": "Bacău",
    "SecondName": "Bacău"
  },
  {
    "FirstName": "Badajoz",
    "SecondName": "Badajoz"
  },
  {
    "FirstName": "Bailén",
    "SecondName": "Bailén"
  },
  {
    "FirstName": "Banja Luka",
    "SecondName": "Бања Лука"
  },
  {
    "FirstName": "Banská Bystrica",
    "SecondName": "Banská Bystrica"
  },
  {
    "FirstName": "Barcelona",
    "SecondName": "Barcelona"
  },
  {
    "FirstName": "Bari",
    "SecondName": "Bari"
  },
  {
    "FirstName": "Bastia",
    "SecondName": "Bastia"
  },
  {
    "FirstName": "Bayonne",
    "SecondName": "Bayonne"
  },
  {
    "FirstName": "Beja",
    "SecondName": "Beja"
  },
  {
    "FirstName": "Belgrade",
    "SecondName": "Belgrade"
  },
  {
    "FirstName": "Bergen",
    "SecondName": "Bergen"
  },
  {
    "FirstName": "Berlin",
    "SecondName": "Berlin"
  },
  {
    "FirstName": "Bern",
    "SecondName": "Bern"
  },
  {
    "FirstName": "Białystok",
    "SecondName": "Białystok"
  },
  {
    "FirstName": "Bihać",
    "SecondName": "Бихаћ"
  },
  {
    "FirstName": "Bijelo Polje",
    "SecondName": "Бијело Поље"
  },
  {
    "FirstName": "Bilbao",
    "SecondName": "Bilbao"
  },
  {
    "FirstName": "Birmingham",
    "SecondName": "Birmingham"
  },
  {
    "FirstName": "Bitola",
    "SecondName": "Bitola"
  },
  {
    "FirstName": "Bodø",
    "SecondName": "Bodø"
  },
  {
    "FirstName": "Bologna",
    "SecondName": "Bologna"
  },
  {
    "FirstName": "Bonifacio",
    "SecondName": "Bonifacio"
  },
  {
    "FirstName": "Bordeaux",
    "SecondName": "Bordeaux"
  },
  {
    "FirstName": "Borlänge",
    "SecondName": "Borlänge"
  },
  {
    "FirstName": "Bourges",
    "SecondName": "Bourges"
  },
  {
    "FirstName": "Brașov",
    "SecondName": "Brașov"
  },
  {
    "FirstName": "Bratislava",
    "SecondName": "Bratislava"
  },
  {
    "FirstName": "Bremen",
    "SecondName": "Bremen"
  },
  {
    "FirstName": "Brest",
    "SecondName": "Brest"
  },
  {
    "FirstName": "Brno",
    "SecondName": "Brno"
  },
  {
    "FirstName": "Brussel",
    "SecondName": "Brussels"
  },
  {
    "FirstName": "București",
    "SecondName": "Bucharest"
  },
  {
    "FirstName": "Budapest",
    "SecondName": "Budapest"
  },
  {
    "FirstName": "Burgas",
    "SecondName": "Бургас"
  },
  {
    "FirstName": "Burgos",
    "SecondName": "Burgos"
  },
  {
    "FirstName": "Cagliari",
    "SecondName": "Cagliari"
  },
  {
    "FirstName": "Calais",
    "SecondName": "Calais"
  },
  {
    "FirstName": "Călărași",
    "SecondName": "Călărași"
  },
  {
    "FirstName": "Calvi",
    "SecondName": "Calvi"
  },
  {
    "FirstName": "Cambridge",
    "SecondName": "Cambridge"
  },
  {
    "FirstName": "Cardiff",
    "SecondName": ""
  },
  {
    "FirstName": "Carlisle",
    "SecondName": "Carlisle"
  },
  {
    "FirstName": "Cassino",
    "SecondName": "Cassino"
  },
  {
    "FirstName": "Catania",
    "SecondName": "Catania"
  },
  {
    "FirstName": "Catanzaro",
    "SecondName": "Catanzaro"
  },
  {
    "FirstName": "Cernavodă",
    "SecondName": "Cernavodă"
  },
  {
    "FirstName": "Chania",
    "SecondName": "Chania"
  },
  {
    "FirstName": "Chíos",
    "SecondName": "Chíos"
  },
  {
    "FirstName": "Ciudad Real",
    "SecondName": "Royal City"
  },
  {
    "FirstName": "Civaux",
    "SecondName": "Civaux"
  },
  {
    "FirstName": "Clermont-Ferrand",
    "SecondName": "Clermont-Ferrand"
  },
  {
    "FirstName": "Cluj-Napoca",
    "SecondName": "Cluj-Napoca"
  },
  {
    "FirstName": "Coimbra",
    "SecondName": "Coimbra"
  },
  {
    "FirstName": "Constanța",
    "SecondName": "Constanța"
  },
  {
    "FirstName": "Córdoba",
    "SecondName": "Córdoba"
  },
  {
    "FirstName": "Cortiçadas de Lavre",
    "SecondName": "Cortiçadas de Lavre"
  },
  {
    "FirstName": "Craiova",
    "SecondName": "Craiova"
  },
  {
    "FirstName": "Daugavpils",
    "SecondName": "Daugavpils"
  },
  {
    "FirstName": "Debrecen",
    "SecondName": "Debrecen"
  },
  {
    "FirstName": "Dijon",
    "SecondName": "Dijon"
  },
  {
    "FirstName": "Dombås",
    "SecondName": "Dombås"
  },
  {
    "FirstName": "Dortmund",
    "SecondName": "Dortmund"
  },
  {
    "FirstName": "Dover",
    "SecondName": "Dover"
  },
  {
    "FirstName": "Dresden",
    "SecondName": "Dresden"
  },
  {
    "FirstName": "Duisburg",
    "SecondName": "Duisburg"
  },
  {
    "FirstName": "Durrës",
    "SecondName": "Durrës"
  },
  {
    "FirstName": "Düsseldorf",
    "SecondName": "Düsseldorf"
  },
  {
    "FirstName": "Edinburgh",
    "SecondName": ""
  },
  {
    "FirstName": "Edirne",
    "SecondName": "Edirne"
  },
  {
    "FirstName": "El Ejido",
    "SecondName": "El Ejido"
  },
  {
    "FirstName": "Erfurt",
    "SecondName": "Erfurt"
  },
  {
    "FirstName": "Esbjerg",
    "SecondName": "Esbjerg"
  },
  {
    "FirstName": "Évora",
    "SecondName": "Évora"
  },
  {
    "FirstName": "Falun",
    "SecondName": "Falun"
  },
  {
    "FirstName": "Faro",
    "SecondName": "Faro"
  },
  {
    "FirstName": "Felixstowe",
    "SecondName": ""
  },
  {
    "FirstName": "Fier",
    "SecondName": "Fier"
  },
  {
    "FirstName": "Firenze",
    "SecondName": "Florence"
  },
  {
    "FirstName": "Frankfurt am Main",
    "SecondName": "Frankfurt am Main"
  },
  {
    "FirstName": "Frederikshavn",
    "SecondName": "Frederikshavn"
  },
  {
    "FirstName": "Galați",
    "SecondName": "Galați"
  },
  {
    "FirstName": "Gävle",
    "SecondName": "Gävle"
  },
  {
    "FirstName": "Gdańsk",
    "SecondName": "Gdańsk"
  },
  {
    "FirstName": "Gedser",
    "SecondName": "Gedser"
  },
  {
    "FirstName": "Genève",
    "SecondName": "Geneva"
  },
  {
    "FirstName": "Genova",
    "SecondName": "Genoa"
  },
  {
    "FirstName": "Gijón",
    "SecondName": "Gijón"
  },
  {
    "FirstName": "Glasgow",
    "SecondName": ""
  },
  {
    "FirstName": "Golfech",
    "SecondName": "Golfech"
  },
  {
    "FirstName": "Göteborg",
    "SecondName": "Gothenburg"
  },
  {
    "FirstName": "Granada",
    "SecondName": "Granada"
  },
  {
    "FirstName": "Graz",
    "SecondName": "Graz"
  },
  {
    "FirstName": "Grimsby",
    "SecondName": ""
  },
  {
    "FirstName": "Groningen",
    "SecondName": "Groningen"
  },
  {
    "FirstName": "Guarda",
    "SecondName": "Guarda"
  },
  {
    "FirstName": "Hamar",
    "SecondName": "Hamar"
  },
  {
    "FirstName": "Hamburg",
    "SecondName": "Hamburg"
  },
  {
    "FirstName": "Hannover",
    "SecondName": "Hanover"
  },
  {
    "FirstName": "Haparanda",
    "SecondName": "Haparanda"
  },
  {
    "FirstName": "Helsingborg",
    "SecondName": "Helsingborg"
  },
  {
    "FirstName": "Helsinki",
    "SecondName": "Helsinki"
  },
  {
    "FirstName": "Hirtshals",
    "SecondName": "Hirtshals"
  },
  {
    "FirstName": "Honningsvåg",
    "SecondName": "Honningsvåg"
  },
  {
    "FirstName": "Huelva",
    "SecondName": "Huelva"
  },
  {
    "FirstName": "Hunedoara",
    "SecondName": "Hunedoara"
  },
  {
    "FirstName": "Iași",
    "SecondName": "Iași"
  },
  {
    "FirstName": "Innsbruck",
    "SecondName": "Innsbruck"
  },
  {
    "FirstName": "Ioannina",
    "SecondName": "Ioannina"
  },
  {
    "FirstName": "Iraklion",
    "SecondName": "Iraklion"
  },
  {
    "FirstName": "İstanbul",
    "SecondName": "İstanbul"
  },
  {
    "FirstName": "Ivalo",
    "SecondName": "Ivalo"
  },
  {
    "FirstName": "Joensuu",
    "SecondName": "Joensuu"
  },
  {
    "FirstName": "Jönköping",
    "SecondName": "Jönköping"
  },
  {
    "FirstName": "Jyväskylä",
    "SecondName": "Jyväskylä"
  },
  {
    "FirstName": "Kajaani",
    "SecondName": "Kajaani"
  },
  {
    "FirstName": "Kalamata",
    "SecondName": "Καλαμάτα"
  },
  {
    "FirstName": "Kaliningrad",
    "SecondName": "Калининград"
  },
  {
    "FirstName": "Kalmar",
    "SecondName": "Kalmar"
  },
  {
    "FirstName": "Kapellskär",
    "SecondName": "Kapellskär"
  },
  {
    "FirstName": "Karakaj",
    "SecondName": "Karakaj"
  },
  {
    "FirstName": "Karesuando",
    "SecondName": "Kaaresuvanto"
  },
  {
    "FirstName": "Karlovo",
    "SecondName": "Карлово"
  },
  {
    "FirstName": "Karlskrona",
    "SecondName": "Karlskrona"
  },
  {
    "FirstName": "Karlstad",
    "SecondName": "Karlstad"
  },
  {
    "FirstName": "Kassel",
    "SecondName": "Kassel"
  },
  {
    "FirstName": "Katowice",
    "SecondName": "Katowice"
  },
  {
    "FirstName": "Kaunas",
    "SecondName": "Kaunas"
  },
  {
    "FirstName": "Kavála",
    "SecondName": "Kavála"
  },
  {
    "FirstName": "Kiel",
    "SecondName": "Kiel"
  },
  {
    "FirstName": "Kiruna",
    "SecondName": "Kiruna"
  },
  {
    "FirstName": "Klagenfurt am Wörthersee",
    "SecondName": "Klagenfurt am Wörthersee"
  },
  {
    "FirstName": "Klaipėda",
    "SecondName": "Klaipėda"
  },
  {
    "FirstName": "København",
    "SecondName": "Copenhagen"
  },
  {
    "FirstName": "Kokkola",
    "SecondName": "Kokkola"
  },
  {
    "FirstName": "Köln",
    "SecondName": "Cologne"
  },
  {
    "FirstName": "Koper",
    "SecondName": "Koper"
  },
  {
    "FirstName": "Košice",
    "SecondName": "Košice"
  },
  {
    "FirstName": "Kotka",
    "SecondName": "Kotka"
  },
  {
    "FirstName": "Kouvola",
    "SecondName": "Kouvola"
  },
  {
    "FirstName": "Kozloduy",
    "SecondName": "Козлодуй"
  },
  {
    "FirstName": "Kragujevac",
    "SecondName": "Крагујевац"
  },
  {
    "FirstName": "Kraków",
    "SecondName": "Kraków"
  },
  {
    "FirstName": "Kristiansand",
    "SecondName": "Kristiansand"
  },
  {
    "FirstName": "Kristiansund",
    "SecondName": "Kristiansund"
  },
  {
    "FirstName": "Kunda",
    "SecondName": "Kunda"
  },
  {
    "FirstName": "Kuopio",
    "SecondName": "Kuopio"
  },
  {
    "FirstName": "Kuusamo",
    "SecondName": "Kuusamo"
  },
  {
    "FirstName": "L'Île-Rousse",
    "SecondName": "L'Île-Rousse"
  },
  {
    "FirstName": "La Rochelle",
    "SecondName": "La Rochelle"
  },
  {
    "FirstName": "Lacq",
    "SecondName": "Lacq"
  },
  {
    "FirstName": "Lahti",
    "SecondName": "Lahti"
  },
  {
    "FirstName": "Lamia",
    "SecondName": "Lamia"
  },
  {
    "FirstName": "Lappeenranta",
    "SecondName": "Lappeenranta"
  },
  {
    "FirstName": "Larissa/Larisa",
    "SecondName": "Larissa/Larisa"
  },
  {
    "FirstName": "Le Havre",
    "SecondName": "Le Havre"
  },
  {
    "FirstName": "Le Mans",
    "SecondName": "Le Mans"
  },
  {
    "FirstName": "Leipzig",
    "SecondName": "Leipzig"
  },
  {
    "FirstName": "León",
    "SecondName": "León"
  },
  {
    "FirstName": "Liège",
    "SecondName": "Liège"
  },
  {
    "FirstName": "Liepāja",
    "SecondName": "Liepāja"
  },
  {
    "FirstName": "Lille",
    "SecondName": "Lille"
  },
  {
    "FirstName": "Lillehammer",
    "SecondName": "Lillehammer"
  },
  {
    "FirstName": "Limoges",
    "SecondName": "Limoges"
  },
  {
    "FirstName": "Linköping",
    "SecondName": "Linköping"
  },
  {
    "FirstName": "Linz",
    "SecondName": "Linz"
  },
  {
    "FirstName": "Lisboa",
    "SecondName": "Lisboa"
  },
  {
    "FirstName": "Liverpool",
    "SecondName": ""
  },
  {
    "FirstName": "Livorno",
    "SecondName": "Livorno"
  },
  {
    "FirstName": "Ljubljana",
    "SecondName": "Ljubljana"
  },
  {
    "FirstName": "Lleida",
    "SecondName": "Lleida"
  },
  {
    "FirstName": "Łódź",
    "SecondName": "Łódź"
  },
  {
    "FirstName": "London",
    "SecondName": ""
  },
  {
    "FirstName": "Loviisa",
    "SecondName": "Loviisa"
  },
  {
    "FirstName": "Lublin",
    "SecondName": "Lublin"
  },
  {
    "FirstName": "Luga",
    "SecondName": "Луга"
  },
  {
    "FirstName": "Luleå",
    "SecondName": "Luleå"
  },
  {
    "FirstName": "Luxembourg City",
    "SecondName": "Luxembourg City"
  },
  {
    "FirstName": "Lyon",
    "SecondName": "Lyon"
  },
  {
    "FirstName": "Madrid",
    "SecondName": "Madrid"
  },
  {
    "FirstName": "Magdeburg",
    "SecondName": "Magdeburg"
  },
  {
    "FirstName": "Málaga",
    "SecondName": "Málaga"
  },
  {
    "FirstName": "Malmö",
    "SecondName": "Malmö"
  },
  {
    "FirstName": "Manchester",
    "SecondName": ""
  },
  {
    "FirstName": "Mangalia",
    "SecondName": "Mangalia"
  },
  {
    "FirstName": "Mannheim",
    "SecondName": "Mannheim"
  },
  {
    "FirstName": "Maribor",
    "SecondName": "Maribor"
  },
  {
    "FirstName": "Marseille",
    "SecondName": "Marseille"
  },
  {
    "FirstName": "Mažeikiai",
    "SecondName": "Mažeikiai"
  },
  {
    "FirstName": "Mengíbar",
    "SecondName": "Mengíbar"
  },
  {
    "FirstName": "Messina",
    "SecondName": "Messina"
  },
  {
    "FirstName": "Metz",
    "SecondName": "Metz"
  },
  {
    "FirstName": "Mikkeli",
    "SecondName": "Mikkeli"
  },
  {
    "FirstName": "Milano",
    "SecondName": "Milano"
  },
  {
    "FirstName": "Mo i Rana",
    "SecondName": "Mo i Rana"
  },
  {
    "FirstName": "Montpellier",
    "SecondName": "Montpellier"
  },
  {
    "FirstName": "Mostar",
    "SecondName": "Мостар"
  },
  {
    "FirstName": "München",
    "SecondName": "München"
  },
  {
    "FirstName": "Murcia",
    "SecondName": "Murcia"
  },
  {
    "FirstName": "Mytilene",
    "SecondName": "Mytilene"
  },
  {
    "FirstName": "Naantali",
    "SecondName": "Naantali"
  },
  {
    "FirstName": "Nantes",
    "SecondName": "Nantes"
  },
  {
    "FirstName": "Napoli",
    "SecondName": "Naples"
  },
  {
    "FirstName": "Narva",
    "SecondName": "Narva"
  },
  {
    "FirstName": "Narvik",
    "SecondName": "Narvik"
  },
  {
    "FirstName": "Navia",
    "SecondName": "Navia"
  },
  {
    "FirstName": "Newcastle-upon-Tyne",
    "SecondName": ""
  },
  {
    "FirstName": "Nice",
    "SecondName": "Nice"
  },
  {
    "FirstName": "Nikšić",
    "SecondName": "Никшић"
  },
  {
    "FirstName": "Niš",
    "SecondName": "Ниш"
  },
  {
    "FirstName": "Novi Sad",
    "SecondName": "Novi Sad"
  },
  {
    "FirstName": "Novo Mesto",
    "SecondName": "Novo Mesto"
  },
  {
    "FirstName": "Nürnberg",
    "SecondName": "Nuremberg"
  },
  {
    "FirstName": "Nynäshamn",
    "SecondName": "Nynäshamn"
  },
  {
    "FirstName": "O Barco",
    "SecondName": "O Barco"
  },
  {
    "FirstName": "Odense",
    "SecondName": "Odense"
  },
  {
    "FirstName": "Olbia",
    "SecondName": "Olbia"
  },
  {
    "FirstName": "Olhão",
    "SecondName": "Olhão"
  },
  {
    "FirstName": "Olkiluoto",
    "SecondName": "Olkiluoto"
  },
  {
    "FirstName": "Olsztyn",
    "SecondName": "Olsztyn"
  },
  {
    "FirstName": "Örebro",
    "SecondName": "Örebro"
  },
  {
    "FirstName": "Örnsköldsvik",
    "SecondName": "Örnsköldsvik"
  },
  {
    "FirstName": "Osijek",
    "SecondName": "Osijek"
  },
  {
    "FirstName": "Oslo",
    "SecondName": "Oslo"
  },
  {
    "FirstName": "Osnabrück",
    "SecondName": "Osnabrück"
  },
  {
    "FirstName": "Östersund",
    "SecondName": "Östersund"
  },
  {
    "FirstName": "Ostrava",
    "SecondName": "Ostrava"
  },
  {
    "FirstName": "Oulu",
    "SecondName": "Oulu"
  },
  {
    "FirstName": "Paldiski",
    "SecondName": "Paldiski"
  },
  {
    "FirstName": "Palermo",
    "SecondName": "Palermo"
  },
  {
    "FirstName": "Paluel",
    "SecondName": "Paluel"
  },
  {
    "FirstName": "Pamplona",
    "SecondName": "Pamplona"
  },
  {
    "FirstName": "Panevėžys",
    "SecondName": "Panevėžys"
  },
  {
    "FirstName": "Paris",
    "SecondName": "Paris"
  },
  {
    "FirstName": "Parma",
    "SecondName": "Parma"
  },
  {
    "FirstName": "Pärnu",
    "SecondName": "Pärnu"
  },
  {
    "FirstName": "Patras",
    "SecondName": "Patras"
  },
  {
    "FirstName": "Pécs",
    "SecondName": "Pécs"
  },
  {
    "FirstName": "Pernik",
    "SecondName": "Перник"
  },
  {
    "FirstName": "Pescara",
    "SecondName": "Pescara"
  },
  {
    "FirstName": "Pirdop",
    "SecondName": "Пирдоп"
  },
  {
    "FirstName": "Pitești",
    "SecondName": "Pitești"
  },
  {
    "FirstName": "Pleven",
    "SecondName": "Плевен"
  },
  {
    "FirstName": "Plovdiv",
    "SecondName": "Пловдив"
  },
  {
    "FirstName": "Plymouth",
    "SecondName": ""
  },
  {
    "FirstName": "Podgorica",
    "SecondName": "Podgorica"
  },
  {
    "FirstName": "Ponte de Sor",
    "SecondName": "Ponte de Sor"
  },
  {
    "FirstName": "Pori",
    "SecondName": "Pori"
  },
  {
    "FirstName": "Port de Sagunt",
    "SecondName": "Port de Sagunt"
  },
  {
    "FirstName": "Porto",
    "SecondName": "Porto"
  },
  {
    "FirstName": "Porto-Vecchio",
    "SecondName": "Porto-Vecchio"
  },
  {
    "FirstName": "Poznań",
    "SecondName": "Poznań"
  },
  {
    "FirstName": "Praha",
    "SecondName": "Prague"
  },
  {
    "FirstName": "Pristina",
    "SecondName": "Pristina"
  },
  {
    "FirstName": "Pskov",
    "SecondName": "Псков"
  },
  {
    "FirstName": "Puertollano",
    "SecondName": "Puertollano"
  },
  {
    "FirstName": "Reims",
    "SecondName": "Reims"
  },
  {
    "FirstName": "Rennes",
    "SecondName": "Rennes"
  },
  {
    "FirstName": "Reșița",
    "SecondName": "Reșița"
  },
  {
    "FirstName": "Rēzekne",
    "SecondName": "Rēzekne"
  },
  {
    "FirstName": "Rhodes",
    "SecondName": "Rhodes"
  },
  {
    "FirstName": "Rīga",
    "SecondName": "Latvia"
  },
  {
    "FirstName": "Rijeka",
    "SecondName": "Rijeka"
  },
  {
    "FirstName": "Roma",
    "SecondName": "Rome"
  },
  {
    "FirstName": "Roscoff",
    "SecondName": "Roscoff"
  },
  {
    "FirstName": "Rostock",
    "SecondName": "Rostock"
  },
  {
    "FirstName": "Rotterdam",
    "SecondName": "Rotterdam"
  },
  {
    "FirstName": "Rovaniemi",
    "SecondName": "Rovaniemi"
  },
  {
    "FirstName": "Ruse",
    "SecondName": "Рyce"
  },
  {
    "FirstName": "Saint Petersburg",
    "SecondName": "Санкт-Петербург"
  },
  {
    "FirstName": "Saint-Alban-du-Rhône",
    "SecondName": "Saint-Alban-du-Rhône"
  },
  {
    "FirstName": "Saint-Laurent",
    "SecondName": "Saint-Laurent"
  },
  {
    "FirstName": "Salamanca",
    "SecondName": "Salamanca"
  },
  {
    "FirstName": "Salzburg",
    "SecondName": "Salzburg"
  },
  {
    "FirstName": "Santander",
    "SecondName": "Santander"
  },
  {
    "FirstName": "Sarajevo",
    "SecondName": "Sarajevo"
  },
  {
    "FirstName": "Sassari",
    "SecondName": "Sassari"
  },
  {
    "FirstName": "Setúbal",
    "SecondName": "Setúbal"
  },
  {
    "FirstName": "Sevilla",
    "SecondName": "Seville"
  },
  {
    "FirstName": "Sheffield",
    "SecondName": ""
  },
  {
    "FirstName": "Šiauliai",
    "SecondName": "Šiauliai"
  },
  {
    "FirstName": "Sines",
    "SecondName": "Sines"
  },
  {
    "FirstName": "Skellefteå",
    "SecondName": "Skellefteå"
  },
  {
    "FirstName": "Skopje",
    "SecondName": "Skopje"
  },
  {
    "FirstName": "Södertälje",
    "SecondName": "Södertälje"
  },
  {
    "FirstName": "Sofia",
    "SecondName": "София"
  },
  {
    "FirstName": "Soria",
    "SecondName": "Soria"
  },
  {
    "FirstName": "Sosnovy Bor",
    "SecondName": "Сосновый Бор"
  },
  {
    "FirstName": "Southampton",
    "SecondName": ""
  },
  {
    "FirstName": "Split",
    "SecondName": "Split"
  },
  {
    "FirstName": "Stavanger",
    "SecondName": "Stavanger"
  },
  {
    "FirstName": "Steinkjer",
    "SecondName": "Steinkjer"
  },
  {
    "FirstName": "Stockholm",
    "SecondName": "Stockholm"
  },
  {
    "FirstName": "Strasbourg",
    "SecondName": "Strasbourg"
  },
  {
    "FirstName": "Stuttgart",
    "SecondName": "Stuttgart"
  },
  {
    "FirstName": "Sundsvall",
    "SecondName": "Sundsvall"
  },
  {
    "FirstName": "Suzzara",
    "SecondName": "Suzzara"
  },
  {
    "FirstName": "Svolvær",
    "SecondName": "Svolvær"
  },
  {
    "FirstName": "Swansea",
    "SecondName": ""
  },
  {
    "FirstName": "Szczecin",
    "SecondName": "Szczecin"
  },
  {
    "FirstName": "Szeged",
    "SecondName": "Szeged"
  },
  {
    "FirstName": "Tallinn",
    "SecondName": "Tallinn"
  },
  {
    "FirstName": "Tampere",
    "SecondName": "Tampere"
  },
  {
    "FirstName": "Taranto",
    "SecondName": "Taranto"
  },
  {
    "FirstName": "Târgu Mureș",
    "SecondName": "Târgu Mureș"
  },
  {
    "FirstName": "Tarragona",
    "SecondName": "Tarragona"
  },
  {
    "FirstName": "Tartu",
    "SecondName": "Tartu"
  },
  {
    "FirstName": "Tekirdağ",
    "SecondName": "Tekirdağ"
  },
  {
    "FirstName": "Terni",
    "SecondName": "Terni"
  },
  {
    "FirstName": "Teruel",
    "SecondName": "Teruel"
  },
  {
    "FirstName": "Thessaloniki",
    "SecondName": "Thessaloniki"
  },
  {
    "FirstName": "Timișoara",
    "SecondName": "Timișoara"
  },
  {
    "FirstName": "Tirana",
    "SecondName": "Tirana"
  },
  {
    "FirstName": "Torino",
    "SecondName": "Turin"
  },
  {
    "FirstName": "Tornio",
    "SecondName": "Tornio"
  },
  {
    "FirstName": "Toulouse",
    "SecondName": "Toulouse"
  },
  {
    "FirstName": "Travemünde",
    "SecondName": "Travemünde"
  },
  {
    "FirstName": "Trelleborg",
    "SecondName": "Trelleborg"
  },
  {
    "FirstName": "Trieste",
    "SecondName": "Trieste"
  },
  {
    "FirstName": "Trikala",
    "SecondName": "Trikala"
  },
  {
    "FirstName": "Tromsø",
    "SecondName": "Tromsø"
  },
  {
    "FirstName": "Trondheim",
    "SecondName": "Trondheim"
  },
  {
    "FirstName": "Turku",
    "SecondName": "Turku"
  },
  {
    "FirstName": "Tuzla",
    "SecondName": "Тузла"
  },
  {
    "FirstName": "Umeå",
    "SecondName": "Umeå"
  },
  {
    "FirstName": "Uppsala",
    "SecondName": "Uppsala"
  },
  {
    "FirstName": "Utena",
    "SecondName": "Utena"
  },
  {
    "FirstName": "Vaasa",
    "SecondName": "Vaasa"
  },
  {
    "FirstName": "València",
    "SecondName": "València"
  },
  {
    "FirstName": "Valladolid",
    "SecondName": "Valladolid"
  },
  {
    "FirstName": "Valmiera",
    "SecondName": "Valmiera"
  },
  {
    "FirstName": "Vandellòs",
    "SecondName": "Vandellòs"
  },
  {
    "FirstName": "Varna",
    "SecondName": "Варна"
  },
  {
    "FirstName": "Västerås",
    "SecondName": "Västerås"
  },
  {
    "FirstName": "Växjö",
    "SecondName": "Växjö"
  },
  {
    "FirstName": "Veliko Tarnovo",
    "SecondName": "Велико Търново"
  },
  {
    "FirstName": "Venezia",
    "SecondName": "Venice"
  },
  {
    "FirstName": "Ventspils",
    "SecondName": "Ventspils"
  },
  {
    "FirstName": "Verona",
    "SecondName": "Verona"
  },
  {
    "FirstName": "Vigo",
    "SecondName": "Vigo"
  },
  {
    "FirstName": "Vila-real",
    "SecondName": "Vila-real"
  },
  {
    "FirstName": "Villa San Giovanni",
    "SecondName": "Villa San Giovanni"
  },
  {
    "FirstName": "Vilnius",
    "SecondName": "Vilnius"
  },
  {
    "FirstName": "Vlorë",
    "SecondName": "Vlorë"
  },
  {
    "FirstName": "Vyborg",
    "SecondName": "Выборг"
  },
  {
    "FirstName": "Warszawa",
    "SecondName": "Warsaw"
  },
  {
    "FirstName": "Werlte",
    "SecondName": "Werlte"
  },
  {
    "FirstName": "Wien",
    "SecondName": "Wien"
  },
  {
    "FirstName": "Winsen",
    "SecondName": "Winsen"
  },
  {
    "FirstName": "Wrocław",
    "SecondName": "Wrocław"
  },
  {
    "FirstName": "Zadar",
    "SecondName": "Zadar"
  },
  {
    "FirstName": "Zagreb",
    "SecondName": "Zagreb"
  },
  {
    "FirstName": "Zaragoza",
    "SecondName": "Saragossa"
  },
  {
    "FirstName": "Zenica",
    "SecondName": "Зеница"
  },
  {
    "FirstName": "Zürich",
    "SecondName": "Zürich"
  }
]